--
-- PostgreSQL database dump
--

-- Dumped from database version 12.9 (Ubuntu 12.9-2.pgdg20.04+1)
-- Dumped by pg_dump version 12.9 (Ubuntu 12.9-2.pgdg20.04+1)

SET statement_timeout = 0;
SET lock_timeout = 0;
SET idle_in_transaction_session_timeout = 0;
SET client_encoding = 'UTF8';
SET standard_conforming_strings = on;
SELECT pg_catalog.set_config('search_path', '', false);
SET check_function_bodies = false;
SET xmloption = content;
SET client_min_messages = warning;
SET row_security = off;

DROP DATABASE universe;
--
-- Name: universe; Type: DATABASE; Schema: -; Owner: freecodecamp
--

CREATE DATABASE universe WITH TEMPLATE = template0 ENCODING = 'UTF8' LC_COLLATE = 'C.UTF-8' LC_CTYPE = 'C.UTF-8';


ALTER DATABASE universe OWNER TO freecodecamp;

\connect universe

SET statement_timeout = 0;
SET lock_timeout = 0;
SET idle_in_transaction_session_timeout = 0;
SET client_encoding = 'UTF8';
SET standard_conforming_strings = on;
SELECT pg_catalog.set_config('search_path', '', false);
SET check_function_bodies = false;
SET xmloption = content;
SET client_min_messages = warning;
SET row_security = off;

SET default_tablespace = '';

SET default_table_access_method = heap;

--
-- Name: blackhole; Type: TABLE; Schema: public; Owner: freecodecamp
--

CREATE TABLE public.blackhole (
    blackhole_id integer NOT NULL,
    name character varying(30) NOT NULL,
    distance_from_earth integer
);


ALTER TABLE public.blackhole OWNER TO freecodecamp;

--
-- Name: blackhole_blackhole_id_seq; Type: SEQUENCE; Schema: public; Owner: freecodecamp
--

CREATE SEQUENCE public.blackhole_blackhole_id_seq
    AS integer
    START WITH 1
    INCREMENT BY 1
    NO MINVALUE
    NO MAXVALUE
    CACHE 1;


ALTER TABLE public.blackhole_blackhole_id_seq OWNER TO freecodecamp;

--
-- Name: blackhole_blackhole_id_seq; Type: SEQUENCE OWNED BY; Schema: public; Owner: freecodecamp
--

ALTER SEQUENCE public.blackhole_blackhole_id_seq OWNED BY public.blackhole.blackhole_id;


--
-- Name: galaxy; Type: TABLE; Schema: public; Owner: freecodecamp
--

CREATE TABLE public.galaxy (
    galaxy_id integer NOT NULL,
    name character varying(30) NOT NULL,
    description text,
    has_life boolean,
    galaxy_type character varying(20)
);


ALTER TABLE public.galaxy OWNER TO freecodecamp;

--
-- Name: galaxy_galaxy_id_seq; Type: SEQUENCE; Schema: public; Owner: freecodecamp
--

CREATE SEQUENCE public.galaxy_galaxy_id_seq
    AS integer
    START WITH 1
    INCREMENT BY 1
    NO MINVALUE
    NO MAXVALUE
    CACHE 1;


ALTER TABLE public.galaxy_galaxy_id_seq OWNER TO freecodecamp;

--
-- Name: galaxy_galaxy_id_seq; Type: SEQUENCE OWNED BY; Schema: public; Owner: freecodecamp
--

ALTER SEQUENCE public.galaxy_galaxy_id_seq OWNED BY public.galaxy.galaxy_id;


--
-- Name: moon; Type: TABLE; Schema: public; Owner: freecodecamp
--

CREATE TABLE public.moon (
    moon_id integer NOT NULL,
    name character varying(30) NOT NULL,
    distance_from_earth integer,
    planet_id integer,
    is_spherical boolean
);


ALTER TABLE public.moon OWNER TO freecodecamp;

--
-- Name: moon_moon_id_seq; Type: SEQUENCE; Schema: public; Owner: freecodecamp
--

CREATE SEQUENCE public.moon_moon_id_seq
    AS integer
    START WITH 1
    INCREMENT BY 1
    NO MINVALUE
    NO MAXVALUE
    CACHE 1;


ALTER TABLE public.moon_moon_id_seq OWNER TO freecodecamp;

--
-- Name: moon_moon_id_seq; Type: SEQUENCE OWNED BY; Schema: public; Owner: freecodecamp
--

ALTER SEQUENCE public.moon_moon_id_seq OWNED BY public.moon.moon_id;


--
-- Name: planet; Type: TABLE; Schema: public; Owner: freecodecamp
--

CREATE TABLE public.planet (
    planet_id integer NOT NULL,
    name character varying(30) NOT NULL,
    age_in_millions_of_years numeric(10,1),
    has_life boolean,
    is_spherical boolean,
    distance_from_earth integer,
    description text,
    star_id integer
);


ALTER TABLE public.planet OWNER TO freecodecamp;

--
-- Name: planet_planet_id_seq; Type: SEQUENCE; Schema: public; Owner: freecodecamp
--

CREATE SEQUENCE public.planet_planet_id_seq
    AS integer
    START WITH 1
    INCREMENT BY 1
    NO MINVALUE
    NO MAXVALUE
    CACHE 1;


ALTER TABLE public.planet_planet_id_seq OWNER TO freecodecamp;

--
-- Name: planet_planet_id_seq; Type: SEQUENCE OWNED BY; Schema: public; Owner: freecodecamp
--

ALTER SEQUENCE public.planet_planet_id_seq OWNED BY public.planet.planet_id;


--
-- Name: star; Type: TABLE; Schema: public; Owner: freecodecamp
--

CREATE TABLE public.star (
    star_id integer NOT NULL,
    name character varying(30) NOT NULL,
    galaxy_id integer,
    age_in_millions_of_years numeric(10,1),
    distance_from_earth integer
);


ALTER TABLE public.star OWNER TO freecodecamp;

--
-- Name: star_star_id_seq; Type: SEQUENCE; Schema: public; Owner: freecodecamp
--

CREATE SEQUENCE public.star_star_id_seq
    AS integer
    START WITH 1
    INCREMENT BY 1
    NO MINVALUE
    NO MAXVALUE
    CACHE 1;


ALTER TABLE public.star_star_id_seq OWNER TO freecodecamp;

--
-- Name: star_star_id_seq; Type: SEQUENCE OWNED BY; Schema: public; Owner: freecodecamp
--

ALTER SEQUENCE public.star_star_id_seq OWNED BY public.star.star_id;


--
-- Name: blackhole blackhole_id; Type: DEFAULT; Schema: public; Owner: freecodecamp
--

ALTER TABLE ONLY public.blackhole ALTER COLUMN blackhole_id SET DEFAULT nextval('public.blackhole_blackhole_id_seq'::regclass);


--
-- Name: galaxy galaxy_id; Type: DEFAULT; Schema: public; Owner: freecodecamp
--

ALTER TABLE ONLY public.galaxy ALTER COLUMN galaxy_id SET DEFAULT nextval('public.galaxy_galaxy_id_seq'::regclass);


--
-- Name: moon moon_id; Type: DEFAULT; Schema: public; Owner: freecodecamp
--

ALTER TABLE ONLY public.moon ALTER COLUMN moon_id SET DEFAULT nextval('public.moon_moon_id_seq'::regclass);


--
-- Name: planet planet_id; Type: DEFAULT; Schema: public; Owner: freecodecamp
--

ALTER TABLE ONLY public.planet ALTER COLUMN planet_id SET DEFAULT nextval('public.planet_planet_id_seq'::regclass);


--
-- Name: star star_id; Type: DEFAULT; Schema: public; Owner: freecodecamp
--

ALTER TABLE ONLY public.star ALTER COLUMN star_id SET DEFAULT nextval('public.star_star_id_seq'::regclass);


--
-- Data for Name: blackhole; Type: TABLE DATA; Schema: public; Owner: freecodecamp
--

INSERT INTO public.blackhole VALUES (1, 'a', 1);
INSERT INTO public.blackhole VALUES (2, 'b', 2);
INSERT INTO public.blackhole VALUES (3, 'c', 3);


--
-- Data for Name: galaxy; Type: TABLE DATA; Schema: public; Owner: freecodecamp
--

INSERT INTO public.galaxy VALUES (1, 'Milky Way', 'Home', true, 'Habitable');
INSERT INTO public.galaxy VALUES (2, 'A', 'A', true, 'A');
INSERT INTO public.galaxy VALUES (3, 'B', 'B', false, 'B');
INSERT INTO public.galaxy VALUES (4, 'C', 'C', true, 'C');
INSERT INTO public.galaxy VALUES (5, 'D', 'D', false, 'D');
INSERT INTO public.galaxy VALUES (6, 'E', 'E', true, 'E');


--
-- Data for Name: moon; Type: TABLE DATA; Schema: public; Owner: freecodecamp
--

INSERT INTO public.moon VALUES (1, 'a', 1, 1, true);
INSERT INTO public.moon VALUES (2, 'b', 1, 1, true);
INSERT INTO public.moon VALUES (3, 'c', 1, 1, true);
INSERT INTO public.moon VALUES (4, 'd', 1, 1, true);
INSERT INTO public.moon VALUES (5, 'e', 1, 1, true);
INSERT INTO public.moon VALUES (6, 'f', 1, 1, true);
INSERT INTO public.moon VALUES (7, 'g', 1, 1, true);
INSERT INTO public.moon VALUES (8, 'h', 1, 1, true);
INSERT INTO public.moon VALUES (9, 'i', 1, 1, true);
INSERT INTO public.moon VALUES (10, 'j', 1, 1, true);
INSERT INTO public.moon VALUES (11, 'k', 1, 1, true);
INSERT INTO public.moon VALUES (12, 'l', 1, 1, true);
INSERT INTO public.moon VALUES (13, 'm', 1, 1, true);
INSERT INTO public.moon VALUES (14, 'n', 1, 1, true);
INSERT INTO public.moon VALUES (15, 'o', 1, 1, true);
INSERT INTO public.moon VALUES (16, 'p', 1, 1, true);
INSERT INTO public.moon VALUES (17, 'q', 1, 1, true);
INSERT INTO public.moon VALUES (18, 'r', 1, 1, true);
INSERT INTO public.moon VALUES (19, 's', 1, 1, true);
INSERT INTO public.moon VALUES (20, 't', 1, 1, true);
INSERT INTO public.moon VALUES (21, 'u', 1, 1, true);


--
-- Data for Name: planet; Type: TABLE DATA; Schema: public; Owner: freecodecamp
--

INSERT INTO public.planet VALUES (1, 'a', 1.0, true, true, 1, 'a', 1);
INSERT INTO public.planet VALUES (2, 'b', 2.0, false, false, 2, 'b', 2);
INSERT INTO public.planet VALUES (3, 'c', 3.0, false, false, 3, 'c', 3);
INSERT INTO public.planet VALUES (4, 'd', 4.0, false, false, 4, 'd', 4);
INSERT INTO public.planet VALUES (5, 'e', 5.0, false, true, 5, 'e', 5);
INSERT INTO public.planet VALUES (6, 'f', 6.0, true, true, 6, 'f', 6);
INSERT INTO public.planet VALUES (7, 'g', 7.0, true, true, 7, 'g', 1);
INSERT INTO public.planet VALUES (8, 'h', 8.0, false, false, 8, 'h', 2);
INSERT INTO public.planet VALUES (9, 'i', 9.0, false, false, 9, 'i', 3);
INSERT INTO public.planet VALUES (10, 'j', 10.0, false, false, 10, 'j', 4);
INSERT INTO public.planet VALUES (11, 'k', 11.0, false, true, 11, 'k', 5);
INSERT INTO public.planet VALUES (12, 'l', 12.0, true, true, 12, 'l', 6);


--
-- Data for Name: star; Type: TABLE DATA; Schema: public; Owner: freecodecamp
--

INSERT INTO public.star VALUES (1, 'sun', 1, 13.8, 300);
INSERT INTO public.star VALUES (2, 'a', 2, 2.0, 2);
INSERT INTO public.star VALUES (3, 'b', 3, 3.0, 3);
INSERT INTO public.star VALUES (4, 'c', 4, 4.0, 4);
INSERT INTO public.star VALUES (5, 'd', 5, 5.0, 5);
INSERT INTO public.star VALUES (6, 'e', 6, 6.0, 6);


--
-- Name: blackhole_blackhole_id_seq; Type: SEQUENCE SET; Schema: public; Owner: freecodecamp
--

SELECT pg_catalog.setval('public.blackhole_blackhole_id_seq', 3, true);


--
-- Name: galaxy_galaxy_id_seq; Type: SEQUENCE SET; Schema: public; Owner: freecodecamp
--

SELECT pg_catalog.setval('public.galaxy_galaxy_id_seq', 6, true);


--
-- Name: moon_moon_id_seq; Type: SEQUENCE SET; Schema: public; Owner: freecodecamp
--

SELECT pg_catalog.setval('public.moon_moon_id_seq', 21, true);


--
-- Name: planet_planet_id_seq; Type: SEQUENCE SET; Schema: public; Owner: freecodecamp
--

SELECT pg_catalog.setval('public.planet_planet_id_seq', 12, true);


--
-- Name: star_star_id_seq; Type: SEQUENCE SET; Schema: public; Owner: freecodecamp
--

SELECT pg_catalog.setval('public.star_star_id_seq', 6, true);


--
-- Name: blackhole blackhole_pkey; Type: CONSTRAINT; Schema: public; Owner: freecodecamp
--

ALTER TABLE ONLY public.blackhole
    ADD CONSTRAINT blackhole_pkey PRIMARY KEY (blackhole_id);


--
-- Name: galaxy galaxy_pkey; Type: CONSTRAINT; Schema: public; Owner: freecodecamp
--

ALTER TABLE ONLY public.galaxy
    ADD CONSTRAINT galaxy_pkey PRIMARY KEY (galaxy_id);


--
-- Name: moon moon_pkey; Type: CONSTRAINT; Schema: public; Owner: freecodecamp
--

ALTER TABLE ONLY public.moon
    ADD CONSTRAINT moon_pkey PRIMARY KEY (moon_id);


--
-- Name: planet planet_pkey; Type: CONSTRAINT; Schema: public; Owner: freecodecamp
--

ALTER TABLE ONLY public.planet
    ADD CONSTRAINT planet_pkey PRIMARY KEY (planet_id);


--
-- Name: star star_pkey; Type: CONSTRAINT; Schema: public; Owner: freecodecamp
--

ALTER TABLE ONLY public.star
    ADD CONSTRAINT star_pkey PRIMARY KEY (star_id);


--
-- Name: blackhole unique_blackhole_name; Type: CONSTRAINT; Schema: public; Owner: freecodecamp
--

ALTER TABLE ONLY public.blackhole
    ADD CONSTRAINT unique_blackhole_name UNIQUE (name);


--
-- Name: moon unique_moon_name; Type: CONSTRAINT; Schema: public; Owner: freecodecamp
--

ALTER TABLE ONLY public.moon
    ADD CONSTRAINT unique_moon_name UNIQUE (name);


--
-- Name: galaxy unique_name; Type: CONSTRAINT; Schema: public; Owner: freecodecamp
--

ALTER TABLE ONLY public.galaxy
    ADD CONSTRAINT unique_name UNIQUE (name);


--
-- Name: planet unique_planet_name; Type: CONSTRAINT; Schema: public; Owner: freecodecamp
--

ALTER TABLE ONLY public.planet
    ADD CONSTRAINT unique_planet_name UNIQUE (name);


--
-- Name: star unique_star_name; Type: CONSTRAINT; Schema: public; Owner: freecodecamp
--

ALTER TABLE ONLY public.star
    ADD CONSTRAINT unique_star_name UNIQUE (name);


--
-- Name: star fk_galaxy_id; Type: FK CONSTRAINT; Schema: public; Owner: freecodecamp
--

ALTER TABLE ONLY public.star
    ADD CONSTRAINT fk_galaxy_id FOREIGN KEY (galaxy_id) REFERENCES public.galaxy(galaxy_id);


--
-- Name: moon fk_planet_id; Type: FK CONSTRAINT; Schema: public; Owner: freecodecamp
--

ALTER TABLE ONLY public.moon
    ADD CONSTRAINT fk_planet_id FOREIGN KEY (planet_id) REFERENCES public.planet(planet_id);


--
-- Name: planet fk_star_id; Type: FK CONSTRAINT; Schema: public; Owner: freecodecamp
--

ALTER TABLE ONLY public.planet
    ADD CONSTRAINT fk_star_id FOREIGN KEY (star_id) REFERENCES public.star(star_id);


--
-- PostgreSQL database dump complete
--

